pair;round;nrTurns;success
0;0;2;true
0;1;4;true
0;2;7;false
0;3;7;true
0;4;3;true
0;5;1;false
1;0;7;false
1;1;7;false
1;2;7;false
1;3;2;false
1;4;1;false
1;5;1;false
2;0;7;false
2;1;7;true
2;2;7;true
2;3;1;false
2;4;1;false
2;5;1;true
3;0;7;true
3;1;7;true
3;2;7;true
3;3;5;true
3;4;1;false
3;5;1;true
4;0;3;true
4;1;4;false
4;2;1;true
4;3;1;true
4;4;7;true
4;5;2;true
5;0;7;true
5;1;7;false
5;2;7;true
5;3;1;false
5;4;1;false
5;5;1;false
6;0;7;false
6;1;7;false
6;2;7;true
6;3;1;false
6;4;1;true
6;5;1;false
7;0;7;false
7;1;7;false
7;2;7;true
7;3;2;false
7;4;1;true
7;5;1;false
8;0;4;true
8;1;7;true
8;2;7;true
8;3;4;true
8;4;1;false
8;5;1;false
9;0;7;false
9;1;7;true
9;2;7;false
9;3;1;true
9;4;1;false
9;5;1;false
10;0;7;false
10;1;7;false
10;2;7;false
10;3;1;false
10;4;1;false
10;5;1;false
11;0;7;true
11;1;7;true
11;2;7;true
11;3;1;false
11;4;1;false
11;5;1;true
12;0;2;true
12;1;6;true
12;2;7;true
12;3;7;true
12;4;1;false
12;5;1;true
13;0;3;false
13;1;3;true
13;2;7;true
13;3;7;true
13;4;3;false
13;5;1;false
14;0;7;true
14;1;7;false
14;2;7;true
14;3;1;false
14;4;1;false
14;5;1;false
15;0;7;true
15;1;7;false
15;2;1;false
15;3;7;true
15;4;1;true
15;5;1;false
16;0;3;true
16;1;7;false
16;2;7;true
16;3;5;false
16;4;1;true
16;5;1;false
17;0;4;true
17;1;7;true
17;2;7;false
17;3;4;false
17;4;1;true
17;5;1;false
18;0;7;false
18;1;7;false
18;2;5;true
18;3;1;true
18;4;3;false
18;5;1;true
19;0;7;false
19;1;7;false
19;2;7;true
19;3;1;false
19;4;1;true
19;5;1;false
20;0;7;true
20;1;7;false
20;2;7;true
20;3;3;false
20;4;1;true
20;5;1;true
21;0;3;true
21;1;1;true
21;2;1;true
21;3;7;false
21;4;7;true
21;5;5;true
22;0;7;false
22;1;7;true
22;2;7;true
22;3;1;true
22;4;1;true
22;5;1;true
23;0;7;true
23;1;1;true
23;2;7;true
23;3;7;true
23;4;2;true
23;5;1;false
24;0;2;true
24;1;7;true
24;2;7;false
24;3;6;false
24;4;1;false
24;5;1;false
25;0;4;true
25;1;7;false
25;2;7;false
25;3;4;false
25;4;1;true
25;5;1;false
26;0;2;true
26;1;2;false
26;2;2;true
26;3;6;true
26;4;7;false
26;5;6;true
27;0;3;true
27;1;7;false
27;2;7;false
27;3;4;true
27;4;2;true
27;5;1;true
28;0;7;true
28;1;7;true
28;2;7;false
28;3;2;false
28;4;1;false
28;5;1;true
29;0;3;true
29;1;1;true
29;2;7;false
29;3;7;false
29;4;6;false
29;5;1;false
30;0;7;true
30;1;7;false
30;2;7;false
30;3;1;false
30;4;1;false
30;5;1;false
31;0;7;false
31;1;7;true
31;2;2;true
31;3;1;true
31;4;1;true
31;5;6;true
32;0;7;false
32;1;7;true
32;2;7;false
32;3;3;true
32;4;1;false
32;5;1;false
33;0;3;true
33;1;7;false
33;2;7;false
33;3;5;true
33;4;1;false
33;5;1;true
34;0;7;false
34;1;7;false
34;2;7;true
34;3;3;false
34;4;1;false
34;5;1;false
35;0;3;true
35;1;7;true
35;2;7;false
35;3;5;true
35;4;1;true
35;5;1;false
36;0;4;true
36;1;7;false
36;2;7;false
36;3;4;false
36;4;1;true
36;5;1;true
37;0;3;true
37;1;1;true
37;2;2;true
37;3;1;true
37;4;1;true
37;5;1;true
38;0;7;true
38;1;7;true
38;2;7;false
38;3;2;false
38;4;1;false
38;5;1;false
39;0;5;true
39;1;1;true
39;2;7;false
39;3;7;true
39;4;3;false
39;5;1;true
40;0;7;true
40;1;2;true
40;2;1;true
40;3;2;true
40;4;7;false
40;5;5;false
41;0;7;true
41;1;7;true
41;2;7;false
41;3;1;false
41;4;1;false
41;5;1;true
42;0;2;true
42;1;1;true
42;2;7;false
42;3;7;false
42;4;7;false
42;5;1;false
43;0;7;false
43;1;7;false
43;2;4;true
43;3;6;false
43;4;1;false
43;5;1;false
44;0;7;true
44;1;7;false
44;2;7;true
44;3;1;true
44;4;1;false
44;5;1;false
45;0;7;true
45;1;7;false
45;2;7;true
45;3;1;true
45;4;1;false
45;5;1;false
46;0;2;true
46;1;7;false
46;2;7;true
46;3;7;true
46;4;1;true
46;5;1;true
47;0;2;true
47;1;1;true
47;2;7;false
47;3;7;false
47;4;6;false
47;5;1;true
48;0;3;true
48;1;7;true
48;2;7;true
48;3;5;false
48;4;1;false
48;5;1;true
49;0;7;false
49;1;7;false
49;2;7;true
49;3;1;false
49;4;1;false
49;5;1;false
50;0;3;true
50;1;1;true
50;2;1;true
50;3;1;true
50;4;1;true
50;5;1;true
51;0;7;true
51;1;7;true
51;2;7;true
51;3;1;false
51;4;1;false
51;5;1;false
52;0;7;false
52;1;7;false
52;2;7;true
52;3;1;false
52;4;1;false
52;5;1;false
53;0;7;false
53;1;7;true
53;2;7;true
53;3;3;true
53;4;1;false
53;5;1;true
54;0;7;false
54;1;7;true
54;2;7;false
54;3;1;false
54;4;1;false
54;5;1;false
55;0;3;true
55;1;7;true
55;2;7;false
55;3;5;true
55;4;1;true
55;5;1;false
56;0;3;true
56;1;1;true
56;2;1;true
56;3;1;true
56;4;7;false
56;5;7;false
57;0;7;false
57;1;7;false
57;2;7;false
57;3;1;false
57;4;1;false
57;5;1;false
58;0;7;true
58;1;7;false
58;2;7;false
58;3;2;true
58;4;1;false
58;5;1;false
59;0;7;false
59;1;7;true
59;2;7;true
59;3;1;true
59;4;1;false
59;5;1;true
60;0;5;true
60;1;1;true
60;2;3;false
60;3;7;false
60;4;7;false
60;5;1;false
61;0;7;false
61;1;7;true
61;2;7;false
61;3;2;true
61;4;1;false
61;5;1;false
62;0;3;true
62;1;1;false
62;2;5;true
62;3;6;true
62;4;3;true
62;5;2;true
63;0;7;false
63;1;7;false
63;2;7;false
63;3;1;true
63;4;1;true
63;5;1;false
64;0;7;true
64;1;7;false
64;2;7;true
64;3;2;true
64;4;1;false
64;5;1;false
65;0;4;false
65;1;1;true
65;2;7;true
65;3;7;true
65;4;4;true
65;5;1;false
66;0;7;false
66;1;7;false
66;2;7;true
66;3;1;false
66;4;1;false
66;5;1;false
67;0;7;true
67;1;7;false
67;2;7;false
67;3;1;false
67;4;1;false
67;5;1;false
68;0;7;false
68;1;7;true
68;2;7;false
68;3;1;false
68;4;1;false
68;5;1;true
69;0;3;true
69;1;7;true
69;2;7;false
69;3;5;true
69;4;1;false
69;5;1;false
70;0;7;false
70;1;7;false
70;2;7;false
70;3;1;false
70;4;1;true
70;5;1;true
71;0;7;false
71;1;2;false
71;2;1;false
71;3;6;true
71;4;1;false
71;5;3;true
72;0;7;false
72;1;7;false
72;2;7;false
72;3;1;false
72;4;1;true
72;5;1;false
73;0;7;true
73;1;7;false
73;2;7;true
73;3;2;false
73;4;1;true
73;5;1;true
74;0;7;true
74;1;1;false
74;2;1;true
74;3;7;false
74;4;7;true
74;5;1;false
75;0;7;true
75;1;7;true
75;2;7;false
75;3;3;false
75;4;1;true
75;5;1;false
76;0;5;true
76;1;1;true
76;2;7;true
76;3;7;true
76;4;3;false
76;5;1;true
77;0;7;false
77;1;7;false
77;2;7;false
77;3;1;true
77;4;1;false
77;5;1;false
78;0;3;true
78;1;7;true
78;2;4;true
78;3;3;true
78;4;6;false
78;5;1;false
79;0;3;true
79;1;7;false
79;2;7;false
79;3;5;true
79;4;1;true
79;5;1;false
80;0;7;false
80;1;7;false
80;2;7;true
80;3;2;false
80;4;1;false
80;5;1;false
81;0;7;true
81;1;7;false
81;2;7;false
81;3;2;false
81;4;1;false
81;5;1;true
82;0;3;true
82;1;2;true
82;2;7;true
82;3;7;false
82;4;4;true
82;5;1;false
83;0;7;true
83;1;7;true
83;2;7;false
83;3;2;false
83;4;1;false
83;5;1;false
84;0;7;false
84;1;7;false
84;2;7;true
84;3;2;false
84;4;1;true
84;5;1;false
85;0;7;false
85;1;7;true
85;2;7;true
85;3;1;false
85;4;1;true
85;5;1;false
86;0;4;true
86;1;7;false
86;2;7;false
86;3;4;true
86;4;1;true
86;5;1;false
87;0;7;true
87;1;7;true
87;2;7;false
87;3;1;false
87;4;1;true
87;5;1;false
88;0;7;false
88;1;7;false
88;2;7;false
88;3;2;false
88;4;1;false
88;5;1;false
89;0;4;false
89;1;7;false
89;2;7;false
89;3;4;false
89;4;1;false
89;5;1;true
90;0;4;true
90;1;7;true
90;2;7;true
90;3;5;false
90;4;1;false
90;5;1;true
91;0;7;true
91;1;7;false
91;2;7;true
91;3;3;false
91;4;1;false
91;5;1;false
92;0;7;false
92;1;7;true
92;2;7;false
92;3;1;false
92;4;1;false
92;5;1;false
93;0;3;true
93;1;1;true
93;2;7;true
93;3;7;false
93;4;5;false
93;5;1;false
94;0;4;true
94;1;1;true
94;2;7;false
94;3;7;true
94;4;4;true
94;5;1;true
95;0;7;false
95;1;7;true
95;2;7;true
95;3;1;true
95;4;1;false
95;5;1;false
96;0;3;true
96;1;7;true
96;2;7;false
96;3;1;true
96;4;6;false
96;5;1;false
97;0;2;true
97;1;7;true
97;2;5;true
97;3;1;true
97;4;7;true
97;5;2;false
98;0;7;false
98;1;7;false
98;2;7;true
98;3;5;false
98;4;1;false
98;5;1;false
99;0;7;true
99;1;1;true
99;2;7;false
99;3;7;false
99;4;1;true
99;5;1;false
100;0;5;true
100;1;7;true
100;2;7;false
100;3;4;false
100;4;1;false
100;5;1;false
101;0;7;false
101;1;7;true
101;2;7;false
101;3;2;false
101;4;1;true
101;5;1;false
102;0;4;true
102;1;1;true
102;2;1;true
102;3;1;true
102;4;4;false
102;5;1;true
103;0;7;false
103;1;7;true
103;2;7;true
103;3;1;false
103;4;1;true
103;5;1;true
104;0;7;true
104;1;7;false
104;2;7;false
104;3;1;false
104;4;1;true
104;5;1;false
105;0;3;true
105;1;1;true
105;2;7;true
105;3;7;false
105;4;5;false
105;5;1;false
106;0;7;true
106;1;7;true
106;2;7;true
106;3;2;true
106;4;1;false
106;5;1;true
107;0;2;false
107;1;4;true
107;2;7;false
107;3;7;true
107;4;3;false
107;5;1;true
108;0;7;true
108;1;7;false
108;2;7;false
108;3;1;false
108;4;1;true
108;5;1;false
109;0;6;true
109;1;7;true
109;2;7;false
109;3;2;true
109;4;1;false
109;5;1;true
110;0;7;true
110;1;7;false
110;2;7;false
110;3;4;true
110;4;1;false
110;5;1;false
111;0;7;true
111;1;7;true
111;2;7;false
111;3;2;false
111;4;1;false
111;5;1;false
112;0;7;true
112;1;7;false
112;2;7;true
112;3;2;true
112;4;1;true
112;5;1;false
113;0;4;true
113;1;7;true
113;2;7;false
113;3;4;false
113;4;1;false
113;5;1;false
114;0;7;true
114;1;7;false
114;2;7;false
114;3;3;false
114;4;1;false
114;5;1;false
115;0;3;true
115;1;7;true
115;2;7;false
115;3;5;false
115;4;1;false
115;5;1;false
116;0;7;true
116;1;7;true
116;2;7;false
116;3;1;false
116;4;1;false
116;5;1;false
117;0;7;false
117;1;7;false
117;2;7;false
117;3;1;true
117;4;1;true
117;5;1;true
118;0;7;false
118;1;7;false
118;2;7;false
118;3;2;true
118;4;1;true
118;5;1;true
119;0;3;true
119;1;7;true
119;2;7;false
119;3;5;false
119;4;1;true
119;5;1;true
120;0;4;true
120;1;3;true
120;2;7;false
120;3;7;true
120;4;2;false
120;5;1;true
121;0;7;false
121;1;7;false
121;2;7;false
121;3;1;false
121;4;1;false
121;5;1;false
122;0;3;false
122;1;7;false
122;2;7;true
122;3;5;false
122;4;1;false
122;5;1;true
123;0;7;false
123;1;7;true
123;2;7;false
123;3;1;false
123;4;1;false
123;5;1;true
124;0;4;false
124;1;4;false
124;2;1;true
124;3;7;false
124;4;7;true
124;5;1;false
125;0;7;false
125;1;7;true
125;2;7;false
125;3;2;false
125;4;1;false
125;5;1;false
126;0;7;true
126;1;7;true
126;2;7;false
126;3;1;false
126;4;1;false
126;5;1;false
127;0;6;false
127;1;1;true
127;2;1;true
127;3;7;false
127;4;7;true
127;5;3;true
128;0;3;true
128;1;1;true
128;2;7;true
128;3;7;false
128;4;6;false
128;5;1;false
129;0;7;false
129;1;7;true
129;2;7;true
129;3;1;false
129;4;1;false
129;5;1;false
130;0;3;true
130;1;7;false
130;2;7;false
130;3;5;true
130;4;1;false
130;5;1;false
131;0;5;true
131;1;7;false
131;2;7;true
131;3;3;false
131;4;1;true
131;5;1;false
132;0;7;false
132;1;7;false
132;2;7;true
132;3;2;false
132;4;1;true
132;5;1;true
133;0;6;true
133;1;1;true
133;2;7;false
133;3;7;false
133;4;2;true
133;5;1;true
134;0;7;true
134;1;1;true
134;2;7;false
134;3;7;false
134;4;1;false
134;5;1;true
135;0;7;false
135;1;1;true
135;2;1;true
135;3;1;true
135;4;3;true
135;5;1;false
136;0;7;true
136;1;7;false
136;2;7;true
136;3;1;false
136;4;1;false
136;5;1;true
137;0;3;true
137;1;4;true
137;2;7;true
137;3;7;false
137;4;2;false
137;5;1;false
138;0;7;true
138;1;7;false
138;2;7;true
138;3;1;true
138;4;1;true
138;5;1;false
139;0;4;true
139;1;7;true
139;2;7;true
139;3;4;false
139;4;1;true
139;5;1;true
140;0;7;false
140;1;7;true
140;2;7;false
140;3;2;true
140;4;1;false
140;5;1;true
141;0;7;true
141;1;2;false
141;2;7;true
141;3;6;false
141;4;1;true
141;5;1;false
142;0;3;true
142;1;1;true
142;2;1;true
142;3;7;false
142;4;7;false
142;5;5;false
143;0;7;true
143;1;7;false
143;2;7;false
143;3;4;false
143;4;1;false
143;5;1;true
144;0;7;false
144;1;7;true
144;2;7;true
144;3;1;false
144;4;1;false
144;5;1;false
145;0;7;false
145;1;2;true
145;2;1;true
145;3;7;true
145;4;6;true
145;5;1;false
146;0;7;false
146;1;7;true
146;2;7;false
146;3;2;false
146;4;1;false
146;5;1;false
147;0;7;false
147;1;7;true
147;2;7;true
147;3;1;false
147;4;1;true
147;5;1;false
148;0;7;false
148;1;7;false
148;2;7;false
148;3;1;true
148;4;1;true
148;5;1;false
149;0;7;true
149;1;5;true
149;2;7;false
149;3;5;false
149;4;1;true
149;5;1;false
150;0;6;true
150;1;7;true
150;2;7;true
150;3;2;true
150;4;1;false
150;5;1;false
151;0;3;true
151;1;7;false
151;2;7;false
151;3;5;true
151;4;1;false
151;5;1;true
152;0;7;false
152;1;7;false
152;2;7;false
152;3;1;true
152;4;1;false
152;5;1;false
153;0;7;false
153;1;7;true
153;2;7;false
153;3;1;false
153;4;1;true
153;5;1;false
154;0;7;false
154;1;7;true
154;2;7;true
154;3;1;false
154;4;1;false
154;5;1;false
155;0;3;true
155;1;1;true
155;2;7;false
155;3;7;false
155;4;5;false
155;5;1;true
156;0;7;true
156;1;2;false
156;2;7;false
156;3;6;false
156;4;1;false
156;5;1;false
157;0;7;true
157;1;7;true
157;2;7;false
157;3;1;true
157;4;1;true
157;5;1;true
158;0;5;true
158;1;7;true
158;2;7;false
158;3;5;false
158;4;1;false
158;5;1;false
159;0;7;false
159;1;7;false
159;2;7;true
159;3;1;false
159;4;1;false
159;5;1;false
160;0;7;true
160;1;7;false
160;2;7;false
160;3;2;false
160;4;1;false
160;5;1;false
161;0;3;true
161;1;7;false
161;2;7;false
161;3;6;false
161;4;1;true
161;5;1;true
162;0;7;true
162;1;7;false
162;2;7;false
162;3;1;false
162;4;1;false
162;5;1;false
163;0;4;true
163;1;1;true
163;2;7;true
163;3;7;true
163;4;4;false
163;5;1;false
164;0;7;true
164;1;7;false
164;2;7;false
164;3;1;true
164;4;1;true
164;5;1;false
165;0;7;false
165;1;7;true
165;2;7;false
165;3;3;false
165;4;1;true
165;5;1;false
166;0;3;false
166;1;1;true
166;2;7;true
166;3;7;false
166;4;5;false
166;5;1;false
167;0;7;true
167;1;7;false
167;2;7;false
167;3;2;true
167;4;1;false
167;5;1;true
168;0;2;true
168;1;4;true
168;2;1;true
168;3;7;false
168;4;7;false
168;5;3;true
169;0;7;false
169;1;7;true
169;2;7;true
169;3;2;false
169;4;1;true
169;5;1;false
170;0;7;false
170;1;7;true
170;2;7;false
170;3;1;false
170;4;1;false
170;5;1;false
171;0;4;true
171;1;1;true
171;2;1;true
171;3;3;true
171;4;2;true
171;5;1;true
172;0;7;true
172;1;7;true
172;2;7;true
172;3;1;false
172;4;1;true
172;5;1;false
173;0;7;true
173;1;7;true
173;2;7;true
173;3;1;false
173;4;1;false
173;5;1;true
174;0;7;true
174;1;7;true
174;2;7;false
174;3;1;false
174;4;1;false
174;5;1;true
175;0;2;false
175;1;7;true
175;2;7;false
175;3;7;false
175;4;2;true
175;5;1;true
176;0;7;false
176;1;7;false
176;2;7;false
176;3;1;false
176;4;1;false
176;5;1;false
177;0;7;false
177;1;7;true
177;2;7;false
177;3;1;false
177;4;1;true
177;5;1;true
178;0;7;true
178;1;7;false
178;2;7;true
178;3;2;false
178;4;1;false
178;5;1;true
179;0;7;false
179;1;7;true
179;2;7;true
179;3;2;true
179;4;1;false
179;5;1;false
180;0;3;true
180;1;7;false
180;2;5;true
180;3;7;false
180;4;3;true
180;5;1;false
181;0;7;true
181;1;7;false
181;2;7;true
181;3;2;false
181;4;1;true
181;5;1;true
182;0;3;true
182;1;7;false
182;2;7;false
182;3;5;true
182;4;1;false
182;5;1;false
183;0;7;true
183;1;7;true
183;2;6;true
183;3;2;false
183;4;1;true
183;5;1;false
184;0;7;true
184;1;7;true
184;2;7;false
184;3;1;true
184;4;1;true
184;5;1;false
185;0;7;false
185;1;7;false
185;2;7;false
185;3;1;false
185;4;1;true
185;5;1;false
186;0;7;false
186;1;3;false
186;2;7;false
186;3;6;true
186;4;1;false
186;5;1;false
187;0;7;false
187;1;7;false
187;2;7;false
187;3;2;true
187;4;1;true
187;5;1;true
188;0;3;true
188;1;1;true
188;2;7;false
188;3;7;false
188;4;4;false
188;5;1;true
189;0;5;true
189;1;7;false
189;2;7;false
189;3;3;true
189;4;1;false
189;5;1;true
190;0;5;true
190;1;7;true
190;2;7;false
190;3;1;true
190;4;4;false
190;5;1;true
191;0;7;true
191;1;7;true
191;2;7;false
191;3;1;true
191;4;1;true
191;5;1;true
192;0;4;true
192;1;7;false
192;2;7;true
192;3;4;false
192;4;1;false
192;5;1;true
193;0;7;true
193;1;1;false
193;2;3;true
193;3;7;false
193;4;2;true
193;5;5;false
194;0;7;false
194;1;7;true
194;2;7;false
194;3;1;true
194;4;1;false
194;5;1;false
195;0;7;false
195;1;7;true
195;2;7;false
195;3;1;false
195;4;1;false
195;5;1;true
196;0;7;false
196;1;7;false
196;2;7;true
196;3;2;false
196;4;1;false
196;5;1;false
197;0;7;false
197;1;7;false
197;2;7;true
197;3;3;false
197;4;1;false
197;5;1;true
198;0;7;false
198;1;7;false
198;2;7;true
198;3;1;false
198;4;1;false
198;5;1;false
199;0;3;false
199;1;7;true
199;2;7;false
199;3;5;false
199;4;1;false
199;5;1;true
200;0;7;true
200;1;7;true
200;2;7;true
200;3;1;false
200;4;1;false
200;5;1;false
201;0;3;true
201;1;7;false
201;2;2;true
201;3;7;true
201;4;4;false
201;5;1;false
202;0;2;true
202;1;3;true
202;2;1;true
202;3;1;true
202;4;1;true
202;5;7;false
203;0;7;false
203;1;7;false
203;2;7;false
203;3;1;false
203;4;1;true
203;5;1;false
204;0;7;false
204;1;7;false
204;2;7;false
204;3;3;false
204;4;1;true
204;5;1;false
205;0;3;true
205;1;2;true
205;2;7;true
205;3;7;false
205;4;4;false
205;5;1;false
206;0;3;true
206;1;7;true
206;2;7;false
206;3;5;true
206;4;1;false
206;5;1;true
207;0;3;true
207;1;7;true
207;2;7;false
207;3;5;true
207;4;1;true
207;5;1;true
208;0;7;true
208;1;7;false
208;2;1;true
208;3;7;false
208;4;1;false
208;5;1;false
209;0;7;false
209;1;7;false
209;2;7;false
209;3;4;false
209;4;1;false
209;5;1;true
210;0;7;true
210;1;6;true
210;2;1;true
210;3;7;true
210;4;3;false
210;5;1;false
211;0;7;true
211;1;7;false
211;2;7;false
211;3;1;false
211;4;1;false
211;5;1;true
212;0;7;false
212;1;2;false
212;2;7;false
212;3;7;true
212;4;1;true
212;5;1;false
213;0;6;true
213;1;1;true
213;2;7;true
213;3;7;false
213;4;2;false
213;5;1;false
214;0;7;false
214;1;7;true
214;2;7;true
214;3;2;false
214;4;1;false
214;5;1;true
215;0;3;true
215;1;7;false
215;2;7;false
215;3;5;false
215;4;1;true
215;5;1;false
216;0;3;true
216;1;7;false
216;2;7;false
216;3;5;true
216;4;1;false
216;5;1;false
217;0;7;false
217;1;7;false
217;2;7;false
217;3;1;false
217;4;1;true
217;5;1;false
218;0;6;true
218;1;1;true
218;2;7;true
218;3;7;true
218;4;2;false
218;5;1;false
219;0;7;false
219;1;7;true
219;2;7;false
219;3;2;false
219;4;1;true
219;5;1;true
220;0;7;false
220;1;7;true
220;2;7;false
220;3;1;false
220;4;1;false
220;5;1;false
221;0;7;false
221;1;7;false
221;2;7;true
221;3;2;false
221;4;1;false
221;5;1;false
222;0;7;false
222;1;7;false
222;2;7;false
222;3;1;true
222;4;1;false
222;5;1;true
223;0;7;true
223;1;7;false
223;2;7;true
223;3;1;true
223;4;1;false
223;5;1;true
224;0;7;true
224;1;7;false
224;2;7;true
224;3;1;true
224;4;1;false
224;5;1;true
225;0;7;true
225;1;7;false
225;2;7;false
225;3;1;true
225;4;1;false
225;5;1;false
226;0;7;false
226;1;7;false
226;2;7;true
226;3;1;false
226;4;1;false
226;5;1;true
227;0;7;false
227;1;7;false
227;2;7;false
227;3;3;false
227;4;1;false
227;5;1;false
228;0;7;false
228;1;7;false
228;2;7;false
228;3;1;false
228;4;1;true
228;5;1;false
229;0;7;false
229;1;2;true
229;2;7;false
229;3;7;true
229;4;2;false
229;5;1;true
230;0;7;false
230;1;7;false
230;2;7;true
230;3;1;false
230;4;1;false
230;5;1;false
231;0;2;true
231;1;3;true
231;2;7;false
231;3;7;true
231;4;4;false
231;5;1;true
232;0;7;false
232;1;7;false
232;2;3;true
232;3;6;false
232;4;1;true
232;5;1;false
233;0;7;false
233;1;7;false
233;2;7;false
233;3;2;true
233;4;1;false
233;5;1;false
234;0;7;false
234;1;7;false
234;2;7;false
234;3;4;false
234;4;1;true
234;5;1;false
235;0;5;true
235;1;1;false
235;2;7;false
235;3;7;false
235;4;3;false
235;5;1;false
236;0;6;true
236;1;1;true
236;2;1;true
236;3;7;false
236;4;7;false
236;5;5;false
237;0;7;true
237;1;7;true
237;2;7;true
237;3;2;false
237;4;1;false
237;5;1;false
238;0;7;false
238;1;7;true
238;2;7;true
238;3;2;true
238;4;1;true
238;5;1;true
239;0;7;false
239;1;7;false
239;2;7;true
239;3;1;false
239;4;1;false
239;5;1;false
240;0;7;false
240;1;7;true
240;2;7;false
240;3;3;false
240;4;1;true
240;5;1;false
241;0;7;true
241;1;7;true
241;2;7;true
241;3;1;false
241;4;1;false
241;5;1;false
242;0;7;true
242;1;7;false
242;2;7;true
242;3;3;false
242;4;1;false
242;5;1;true
243;0;7;true
243;1;7;false
243;2;7;true
243;3;2;true
243;4;1;false
243;5;1;false
244;0;7;true
244;1;7;true
244;2;7;true
244;3;1;false
244;4;1;false
244;5;1;false
245;0;7;false
245;1;7;false
245;2;7;false
245;3;1;true
245;4;1;true
245;5;1;true
246;0;7;false
246;1;7;true
246;2;7;false
246;3;2;false
246;4;1;false
246;5;1;false
247;0;7;false
247;1;7;false
247;2;7;true
247;3;1;false
247;4;1;true
247;5;1;true
248;0;7;false
248;1;7;false
248;2;7;false
248;3;1;false
248;4;1;true
248;5;1;true
249;0;7;false
249;1;7;true
249;2;7;false
249;3;1;false
249;4;1;true
249;5;1;false
250;0;5;true
250;1;7;false
250;2;7;true
250;3;3;false
250;4;1;true
250;5;1;false
251;0;7;true
251;1;7;false
251;2;7;true
251;3;2;false
251;4;1;false
251;5;1;false
252;0;7;true
252;1;7;false
252;2;7;false
252;3;1;false
252;4;1;false
252;5;1;false
253;0;7;false
253;1;7;false
253;2;7;true
253;3;1;false
253;4;1;true
253;5;1;false
254;0;7;true
254;1;7;false
254;2;7;true
254;3;2;false
254;4;1;false
254;5;1;true
255;0;7;false
255;1;7;true
255;2;7;true
255;3;2;true
255;4;1;false
255;5;1;false
256;0;3;true
256;1;1;true
256;2;7;false
256;3;7;true
256;4;2;false
256;5;2;true
257;0;3;true
257;1;2;true
257;2;2;true
257;3;1;true
257;4;7;true
257;5;7;true
258;0;7;false
258;1;7;false
258;2;7;false
258;3;1;true
258;4;1;false
258;5;1;true
259;0;3;true
259;1;7;true
259;2;7;true
259;3;7;false
259;4;1;false
259;5;1;false
260;0;6;false
260;1;7;true
260;2;7;true
260;3;4;false
260;4;1;true
260;5;1;true
261;0;7;true
261;1;7;true
261;2;7;false
261;3;1;true
261;4;1;true
261;5;1;false
262;0;7;false
262;1;7;false
262;2;7;false
262;3;1;false
262;4;1;true
262;5;1;true
263;0;7;false
263;1;7;false
263;2;7;false
263;3;1;false
263;4;1;false
263;5;1;false
264;0;7;false
264;1;7;false
264;2;7;false
264;3;4;true
264;4;1;false
264;5;1;false
265;0;7;true
265;1;7;true
265;2;7;false
265;3;1;true
265;4;1;false
265;5;1;false
266;0;7;false
266;1;7;false
266;2;7;false
266;3;2;false
266;4;1;false
266;5;1;true
267;0;7;true
267;1;7;true
267;2;7;false
267;3;2;true
267;4;1;false
267;5;1;false
268;0;7;false
268;1;7;true
268;2;7;false
268;3;1;false
268;4;1;false
268;5;1;true
269;0;7;true
269;1;7;false
269;2;7;true
269;3;2;true
269;4;1;true
269;5;1;false
270;0;4;true
270;1;4;true
270;2;7;false
270;3;7;false
270;4;1;false
270;5;1;false
271;0;7;true
271;1;7;true
271;2;7;false
271;3;1;false
271;4;1;false
271;5;1;false
272;0;7;true
272;1;7;true
272;2;7;false
272;3;3;false
272;4;1;true
272;5;1;true
273;0;7;false
273;1;7;false
273;2;7;false
273;3;1;false
273;4;1;false
273;5;1;false
274;0;7;true
274;1;7;false
274;2;7;true
274;3;1;false
274;4;1;false
274;5;1;true
275;0;7;false
275;1;7;true
275;2;7;false
275;3;1;false
275;4;1;false
275;5;1;false
276;0;6;true
276;1;1;false
276;2;7;false
276;3;7;false
276;4;2;false
276;5;1;true
277;0;3;true
277;1;7;false
277;2;7;true
277;3;5;true
277;4;1;false
277;5;1;false
278;0;7;false
278;1;7;false
278;2;7;true
278;3;2;true
278;4;1;false
278;5;1;true
279;0;7;false
279;1;7;true
279;2;7;false
279;3;1;true
279;4;1;false
279;5;1;false
280;0;7;false
280;1;7;false
280;2;7;true
280;3;1;true
280;4;1;false
280;5;1;true
281;0;5;true
281;1;7;true
281;2;7;true
281;3;4;false
281;4;1;false
281;5;1;true
282;0;7;true
282;1;7;false
282;2;7;false
282;3;4;false
282;4;1;false
282;5;1;false
283;0;7;false
283;1;5;false
283;2;7;false
283;3;3;true
283;4;1;true
283;5;1;false
284;0;7;true
284;1;7;true
284;2;7;false
284;3;1;false
284;4;1;false
284;5;1;true
285;0;7;false
285;1;1;true
285;2;7;true
285;3;7;false
285;4;1;true
285;5;1;true
286;0;7;false
286;1;7;false
286;2;7;true
286;3;3;false
286;4;1;false
286;5;1;false
287;0;5;false
287;1;7;true
287;2;1;true
287;3;3;false
287;4;7;false
287;5;1;false
288;0;6;true
288;1;1;true
288;2;1;true
288;3;1;true
288;4;7;false
288;5;7;true
289;0;5;true
289;1;7;false
289;2;7;false
289;3;3;false
289;4;1;false
289;5;1;false
290;0;3;true
290;1;1;false
290;2;1;true
290;3;7;true
290;4;7;false
290;5;5;false
291;0;4;true
291;1;7;true
291;2;7;true
291;3;4;false
291;4;1;false
291;5;1;true
292;0;7;true
292;1;7;false
292;2;7;false
292;3;2;false
292;4;1;false
292;5;1;true
293;0;7;false
293;1;7;false
293;2;7;true
293;3;2;false
293;4;1;false
293;5;1;true
294;0;7;false
294;1;7;false
294;2;7;true
294;3;1;false
294;4;1;false
294;5;1;true
295;0;7;true
295;1;7;false
295;2;7;true
295;3;1;true
295;4;1;false
295;5;1;false
296;0;6;true
296;1;4;true
296;2;1;true
296;3;1;true
296;4;1;true
296;5;7;true
297;0;7;false
297;1;7;true
297;2;7;true
297;3;1;false
297;4;1;true
297;5;1;false
298;0;7;false
298;1;7;true
298;2;7;false
298;3;1;false
298;4;1;false
298;5;1;false
299;0;4;true
299;1;1;true
299;2;7;false
299;3;7;false
299;4;4;false
299;5;1;false
300;0;7;false
300;1;7;false
300;2;2;true
300;3;1;true
300;4;6;true
300;5;1;false
301;0;7;true
301;1;7;false
301;2;7;false
301;3;1;false
301;4;1;false
301;5;1;false
302;0;7;false
302;1;7;false
302;2;7;false
302;3;2;true
302;4;1;false
302;5;1;true
303;0;2;true
303;1;3;true
303;2;1;true
303;3;7;true
303;4;7;true
303;5;4;true
304;0;7;false
304;1;7;false
304;2;7;false
304;3;1;false
304;4;1;false
304;5;1;false
305;0;7;true
305;1;7;true
305;2;7;true
305;3;1;false
305;4;1;true
305;5;1;false
306;0;7;true
306;1;7;true
306;2;7;false
306;3;1;false
306;4;1;false
306;5;1;false
307;0;7;true
307;1;7;false
307;2;2;false
307;3;6;false
307;4;1;true
307;5;1;true
308;0;3;true
308;1;7;false
308;2;7;false
308;3;5;false
308;4;1;true
308;5;1;false
309;0;7;true
309;1;7;true
309;2;7;true
309;3;1;false
309;4;1;true
309;5;1;false
310;0;7;false
310;1;7;false
310;2;7;false
310;3;3;true
310;4;1;false
310;5;1;true
311;0;3;true
311;1;7;false
311;2;7;false
311;3;5;false
311;4;1;true
311;5;1;true
312;0;7;false
312;1;6;true
312;2;1;true
312;3;7;false
312;4;2;true
312;5;1;false
313;0;3;true
313;1;7;true
313;2;7;true
313;3;3;false
313;4;4;false
313;5;1;false
314;0;2;true
314;1;2;true
314;2;7;false
314;3;7;true
314;4;5;true
314;5;1;false
315;0;7;true
315;1;7;true
315;2;7;false
315;3;3;true
315;4;1;false
315;5;1;false
316;0;7;false
316;1;7;true
316;2;7;false
316;3;1;false
316;4;1;false
316;5;1;false
317;0;7;false
317;1;7;true
317;2;7;true
317;3;2;false
317;4;1;false
317;5;1;false
318;0;7;true
318;1;7;true
318;2;7;false
318;3;1;false
318;4;1;false
318;5;1;false
319;0;2;true
319;1;2;false
319;2;1;true
319;3;3;true
319;4;1;true
319;5;7;false
320;0;4;false
320;1;4;false
320;2;1;true
320;3;1;true
320;4;1;true
320;5;2;true
321;0;7;false
321;1;7;true
321;2;7;false
321;3;2;false
321;4;1;false
321;5;1;true
322;0;7;true
322;1;7;true
322;2;7;true
322;3;3;false
322;4;1;false
322;5;1;true
323;0;3;true
323;1;7;false
323;2;7;false
323;3;5;false
323;4;1;true
323;5;1;false
324;0;7;true
324;1;6;true
324;2;2;true
324;3;1;true
324;4;1;true
324;5;7;false
325;0;6;true
325;1;7;false
325;2;7;false
325;3;3;false
325;4;1;false
325;5;1;true
326;0;3;true
326;1;6;true
326;2;1;true
326;3;1;true
326;4;2;true
326;5;1;true
327;0;7;true
327;1;7;true
327;2;7;false
327;3;1;true
327;4;1;false
327;5;1;false
328;0;7;false
328;1;7;false
328;2;7;true
328;3;4;false
328;4;1;false
328;5;1;false
329;0;7;true
329;1;3;true
329;2;1;true
329;3;1;true
329;4;1;true
329;5;7;true
330;0;2;true
330;1;7;false
330;2;4;true
330;3;7;true
330;4;3;true
330;5;1;false
331;0;4;true
331;1;4;true
331;2;3;true
331;3;1;true
331;4;7;false
331;5;6;true
332;0;4;true
332;1;1;true
332;2;1;true
332;3;7;false
332;4;7;true
332;5;4;false
333;0;2;true
333;1;7;true
333;2;7;false
333;3;6;false
333;4;1;false
333;5;1;false
334;0;7;false
334;1;7;true
334;2;7;false
334;3;2;false
334;4;1;false
334;5;1;true
335;0;3;false
335;1;1;true
335;2;1;true
335;3;7;false
335;4;7;true
335;5;6;false
336;0;7;false
336;1;7;true
336;2;7;true
336;3;3;true
336;4;1;true
336;5;1;false
337;0;3;true
337;1;1;true
337;2;1;true
337;3;7;false
337;4;7;false
337;5;5;true
338;0;3;true
338;1;7;true
338;2;7;true
338;3;5;true
338;4;1;false
338;5;1;false
339;0;7;false
339;1;7;true
339;2;7;false
339;3;1;false
339;4;1;false
339;5;1;false
340;0;7;true
340;1;7;true
340;2;7;true
340;3;1;true
340;4;1;false
340;5;1;false
341;0;4;true
341;1;7;false
341;2;7;false
341;3;4;false
341;4;1;false
341;5;1;true
342;0;7;true
342;1;7;false
342;2;7;false
342;3;2;true
342;4;1;true
342;5;1;false
343;0;7;false
343;1;7;true
343;2;7;false
343;3;1;true
343;4;1;false
343;5;1;true
344;0;3;true
344;1;1;true
344;2;1;false
344;3;7;true
344;4;7;true
344;5;6;false
345;0;7;false
345;1;7;false
345;2;7;false
345;3;3;false
345;4;1;false
345;5;1;false
346;0;7;false
346;1;7;false
346;2;7;false
346;3;3;false
346;4;1;true
346;5;1;false
347;0;7;false
347;1;7;true
347;2;7;false
347;3;1;false
347;4;1;false
347;5;1;false
348;0;3;true
348;1;7;true
348;2;7;false
348;3;5;true
348;4;1;false
348;5;1;false
349;0;7;true
349;1;7;true
349;2;7;false
349;3;3;false
349;4;1;false
349;5;1;true
350;0;2;true
350;1;1;true
350;2;2;true
350;3;3;true
350;4;1;false
350;5;2;false
351;0;2;true
351;1;7;true
351;2;7;true
351;3;7;false
351;4;1;true
351;5;1;true
352;0;2;true
352;1;2;true
352;2;2;true
352;3;1;true
352;4;7;true
352;5;7;true
353;0;6;true
353;1;7;false
353;2;7;false
353;3;2;true
353;4;1;false
353;5;1;true
354;0;4;true
354;1;7;true
354;2;7;true
354;3;4;true
354;4;1;true
354;5;1;false
355;0;6;true
355;1;1;true
355;2;7;false
355;3;7;true
355;4;2;true
355;5;1;false
356;0;7;true
356;1;7;false
356;2;7;true
356;3;1;false
356;4;1;false
356;5;1;true
357;0;7;false
357;1;7;true
357;2;7;false
357;3;2;false
357;4;1;false
357;5;1;false
358;0;2;true
358;1;7;false
358;2;7;false
358;3;6;false
358;4;1;false
358;5;1;false
359;0;4;true
359;1;7;false
359;2;7;false
359;3;4;true
359;4;1;false
359;5;1;false
360;0;7;true
360;1;7;false
360;2;7;false
360;3;2;true
360;4;1;false
360;5;1;false
361;0;7;false
361;1;7;false
361;2;7;false
361;3;3;false
361;4;1;false
361;5;1;false
362;0;3;true
362;1;3;true
362;2;1;true
362;3;1;true
362;4;1;true
362;5;7;false
363;0;7;false
363;1;7;false
363;2;7;true
363;3;1;true
363;4;1;true
363;5;1;false
364;0;7;true
364;1;7;false
364;2;7;false
364;3;1;false
364;4;1;false
364;5;1;false
365;0;7;true
365;1;7;false
365;2;7;false
365;3;1;true
365;4;1;false
365;5;1;false
366;0;7;true
366;1;7;true
366;2;7;false
366;3;1;false
366;4;1;false
366;5;1;false
367;0;7;true
367;1;7;true
367;2;7;false
367;3;2;false
367;4;1;false
367;5;1;true
368;0;7;true
368;1;7;true
368;2;7;false
368;3;1;true
368;4;1;false
368;5;1;false
369;0;7;false
369;1;7;true
369;2;7;true
369;3;1;false
369;4;1;false
369;5;1;false
370;0;3;true
370;1;7;false
370;2;7;true
370;3;5;false
370;4;1;true
370;5;1;false
371;0;2;true
371;1;2;true
371;2;1;true
371;3;7;false
371;4;7;true
371;5;5;false
372;0;7;false
372;1;7;false
372;2;7;true
372;3;1;false
372;4;1;false
372;5;1;false
373;0;4;true
373;1;1;true
373;2;1;true
373;3;7;false
373;4;7;false
373;5;4;false
374;0;7;false
374;1;7;true
374;2;7;true
374;3;1;true
374;4;1;true
374;5;1;false
375;0;7;false
375;1;7;true
375;2;7;false
375;3;1;true
375;4;1;false
375;5;1;true
376;0;3;true
376;1;7;true
376;2;7;false
376;3;5;false
376;4;1;true
376;5;1;false
377;0;4;true
377;1;7;false
377;2;7;false
377;3;4;true
377;4;1;true
377;5;1;false
378;0;7;false
378;1;7;false
378;2;7;false
378;3;3;true
378;4;1;false
378;5;1;false
379;0;7;true
379;1;7;false
379;2;7;false
379;3;3;true
379;4;1;false
379;5;1;true
380;0;7;false
380;1;7;true
380;2;7;true
380;3;1;false
380;4;1;false
380;5;1;false
381;0;7;false
381;1;7;true
381;2;7;false
381;3;1;true
381;4;1;false
381;5;1;false
382;0;7;false
382;1;7;true
382;2;7;true
382;3;1;false
382;4;1;false
382;5;1;false
383;0;4;true
383;1;5;true
383;2;5;false
383;3;3;true
383;4;3;true
383;5;1;true
384;0;7;false
384;1;7;false
384;2;7;true
384;3;2;true
384;4;1;false
384;5;1;false
385;0;3;false
385;1;2;true
385;2;3;true
385;3;1;true
385;4;1;true
385;5;7;false
386;0;3;true
386;1;7;true
386;2;7;true
386;3;5;false
386;4;1;false
386;5;1;false
387;0;5;false
387;1;2;true
387;2;7;true
387;3;7;true
387;4;2;false
387;5;1;true
388;0;4;false
388;1;7;true
388;2;7;true
388;3;4;false
388;4;1;true
388;5;1;false
389;0;5;true
389;1;1;true
389;2;7;true
389;3;7;true
389;4;3;true
389;5;1;false
390;0;3;true
390;1;7;true
390;2;7;false
390;3;5;false
390;4;1;false
390;5;1;false
391;0;2;true
391;1;7;false
391;2;7;false
391;3;6;false
391;4;1;false
391;5;1;false
392;0;5;true
392;1;7;true
392;2;7;false
392;3;3;true
392;4;1;false
392;5;1;false
393;0;7;false
393;1;7;true
393;2;7;false
393;3;1;true
393;4;1;true
393;5;1;true
394;0;7;false
394;1;7;true
394;2;7;true
394;3;2;false
394;4;1;false
394;5;1;false
395;0;7;false
395;1;7;false
395;2;7;false
395;3;1;false
395;4;1;false
395;5;1;false
396;0;7;false
396;1;7;true
396;2;7;true
396;3;3;true
396;4;1;true
396;5;1;false
397;0;7;true
397;1;7;true
397;2;7;false
397;3;1;true
397;4;1;false
397;5;1;false
398;0;7;false
398;1;7;false
398;2;7;false
398;3;2;false
398;4;1;false
398;5;1;true
399;0;7;true
399;1;7;true
399;2;7;true
399;3;3;false
399;4;1;false
399;5;1;true
400;0;7;false
400;1;7;false
400;2;7;true
400;3;1;false
400;4;1;false
400;5;1;true
401;0;5;true
401;1;5;true
401;2;7;true
401;3;5;false
401;4;1;false
401;5;1;false
402;0;3;true
402;1;1;true
402;2;1;true
402;3;7;false
402;4;7;false
402;5;6;true
403;0;7;false
403;1;7;true
403;2;7;true
403;3;1;false
403;4;1;false
403;5;1;true
404;0;4;true
404;1;7;true
404;2;7;false
404;3;4;false
404;4;1;true
404;5;1;false
405;0;7;true
405;1;7;false
405;2;7;false
405;3;1;false
405;4;1;true
405;5;1;true
406;0;4;true
406;1;1;true
406;2;7;true
406;3;1;true
406;4;1;true
406;5;7;false
407;0;3;true
407;1;7;true
407;2;4;false
407;3;2;true
407;4;1;false
407;5;3;true
408;0;7;true
408;1;7;true
408;2;7;false
408;3;1;false
408;4;1;true
408;5;1;false
409;0;3;true
409;1;1;false
409;2;5;true
409;3;1;true
409;4;1;true
409;5;7;true
410;0;3;true
410;1;7;false
410;2;7;true
410;3;5;false
410;4;1;false
410;5;1;false
411;0;2;true
411;1;5;true
411;2;7;true
411;3;7;false
411;4;2;true
411;5;1;false
412;0;7;false
412;1;7;false
412;2;7;true
412;3;2;false
412;4;1;false
412;5;1;false
413;0;7;false
413;1;7;false
413;2;7;true
413;3;1;false
413;4;1;false
413;5;1;false
414;0;7;true
414;1;3;true
414;2;7;false
414;3;1;true
414;4;5;false
414;5;1;false
415;0;7;true
415;1;7;true
415;2;7;false
415;3;1;false
415;4;1;false
415;5;1;false
416;0;7;true
416;1;7;true
416;2;7;false
416;3;1;false
416;4;1;false
416;5;1;false
417;0;7;false
417;1;7;true
417;2;7;true
417;3;1;false
417;4;1;false
417;5;1;false
418;0;7;false
418;1;7;false
418;2;7;false
418;3;1;false
418;4;1;false
418;5;1;false
419;0;7;true
419;1;7;false
419;2;7;false
419;3;2;true
419;4;1;false
419;5;1;true
420;0;7;true
420;1;7;false
420;2;7;true
420;3;2;true
420;4;1;false
420;5;1;false
421;0;3;true
421;1;7;true
421;2;4;true
421;3;1;true
421;4;1;true
421;5;1;true
422;0;6;true
422;1;1;true
422;2;1;true
422;3;1;true
422;4;7;true
422;5;7;true
423;0;7;false
423;1;3;true
423;2;2;true
423;3;3;true
423;4;1;true
423;5;7;true
424;0;7;false
424;1;1;true
424;2;7;false
424;3;7;true
424;4;2;false
424;5;1;true
425;0;3;true
425;1;6;false
425;2;1;true
425;3;7;true
425;4;6;true
425;5;1;true
426;0;7;true
426;1;7;false
426;2;2;true
426;3;6;true
426;4;1;true
426;5;1;false
427;0;3;true
427;1;7;true
427;2;7;false
427;3;5;true
427;4;1;false
427;5;1;false
428;0;7;false
428;1;7;true
428;2;7;false
428;3;3;false
428;4;1;false
428;5;1;false
429;0;7;false
429;1;7;true
429;2;7;false
429;3;1;false
429;4;1;false
429;5;1;false
430;0;7;true
430;1;7;false
430;2;7;false
430;3;1;true
430;4;1;false
430;5;1;false
431;0;7;false
431;1;7;true
431;2;7;true
431;3;1;false
431;4;1;false
431;5;1;false
432;0;7;true
432;1;7;false
432;2;7;true
432;3;2;false
432;4;1;false
432;5;1;false
433;0;3;false
433;1;7;true
433;2;7;false
433;3;5;true
433;4;1;true
433;5;1;false
434;0;7;true
434;1;7;true
434;2;7;true
434;3;4;true
434;4;1;true
434;5;1;false
435;0;7;false
435;1;7;true
435;2;1;true
435;3;7;false
435;4;2;true
435;5;1;true
436;0;7;false
436;1;7;true
436;2;1;true
436;3;7;false
436;4;1;true
436;5;1;false
437;0;7;false
437;1;7;false
437;2;7;true
437;3;1;true
437;4;1;false
437;5;1;false
438;0;2;true
438;1;7;false
438;2;7;false
438;3;7;false
438;4;1;false
438;5;1;true
439;0;7;true
439;1;7;false
439;2;7;true
439;3;1;false
439;4;1;false
439;5;1;true
440;0;4;true
440;1;7;false
440;2;7;false
440;3;4;false
440;4;1;false
440;5;1;true
441;0;4;true
441;1;3;true
441;2;7;true
441;3;7;false
441;4;2;false
441;5;1;true
442;0;7;true
442;1;7;true
442;2;7;true
442;3;1;false
442;4;1;true
442;5;1;false
443;0;7;false
443;1;7;true
443;2;7;false
443;3;3;false
443;4;1;false
443;5;1;true
444;0;3;true
444;1;6;false
444;2;7;false
444;3;7;true
444;4;1;false
444;5;1;false
445;0;7;false
445;1;7;true
445;2;7;false
445;3;1;false
445;4;1;false
445;5;1;false
446;0;3;true
446;1;7;true
446;2;7;false
446;3;5;true
446;4;1;false
446;5;1;false
447;0;7;false
447;1;7;false
447;2;7;false
447;3;2;false
447;4;1;false
447;5;1;true
448;0;7;true
448;1;7;false
448;2;7;true
448;3;4;false
448;4;1;true
448;5;1;false
449;0;7;true
449;1;7;true
449;2;7;true
449;3;1;false
449;4;1;true
449;5;1;false
450;0;2;false
450;1;1;true
450;2;5;true
450;3;1;true
450;4;7;true
450;5;7;true
451;0;7;false
451;1;7;true
451;2;7;true
451;3;1;false
451;4;1;true
451;5;1;false
452;0;7;true
452;1;7;true
452;2;7;false
452;3;2;false
452;4;1;false
452;5;1;false
453;0;7;true
453;1;7;false
453;2;7;false
453;3;1;true
453;4;1;true
453;5;1;false
454;0;4;true
454;1;7;true
454;2;7;true
454;3;4;true
454;4;1;true
454;5;1;false
455;0;7;true
455;1;7;false
455;2;7;false
455;3;1;true
455;4;1;true
455;5;1;false
456;0;6;true
456;1;1;true
456;2;7;false
456;3;7;false
456;4;2;false
456;5;1;true
457;0;3;true
457;1;7;true
457;2;7;true
457;3;5;true
457;4;1;false
457;5;1;true
458;0;7;false
458;1;7;false
458;2;7;true
458;3;1;false
458;4;1;false
458;5;1;true
459;0;7;false
459;1;7;true
459;2;7;false
459;3;1;false
459;4;1;false
459;5;1;false
460;0;4;true
460;1;4;false
460;2;7;false
460;3;7;true
460;4;3;false
460;5;1;false
461;0;5;true
461;1;1;true
461;2;1;true
461;3;7;true
461;4;7;true
461;5;3;false
462;0;7;true
462;1;7;false
462;2;7;false
462;3;1;false
462;4;1;true
462;5;1;false
463;0;7;false
463;1;7;true
463;2;7;true
463;3;3;false
463;4;1;false
463;5;1;false
464;0;7;true
464;1;7;false
464;2;7;false
464;3;2;true
464;4;1;false
464;5;1;false
465;0;7;false
465;1;7;true
465;2;7;true
465;3;1;true
465;4;1;false
465;5;1;false
466;0;7;true
466;1;7;false
466;2;7;true
466;3;1;false
466;4;1;false
466;5;1;false
467;0;7;false
467;1;7;false
467;2;7;false
467;3;1;true
467;4;1;true
467;5;1;false
468;0;5;false
468;1;7;false
468;2;7;false
468;3;5;false
468;4;1;false
468;5;1;true
469;0;7;true
469;1;7;true
469;2;7;true
469;3;1;false
469;4;1;false
469;5;1;false
470;0;7;false
470;1;7;false
470;2;7;false
470;3;1;false
470;4;1;true
470;5;1;false
471;0;7;false
471;1;7;false
471;2;7;false
471;3;1;false
471;4;1;true
471;5;1;true
472;0;7;true
472;1;1;true
472;2;1;true
472;3;1;true
472;4;1;true
472;5;1;false
473;0;7;true
473;1;1;true
473;2;7;false
473;3;7;true
473;4;1;false
473;5;1;false
474;0;7;false
474;1;7;true
474;2;7;true
474;3;2;false
474;4;1;false
474;5;1;false
475;0;7;false
475;1;7;false
475;2;7;false
475;3;3;true
475;4;1;false
475;5;1;false
476;0;7;false
476;1;3;false
476;2;1;true
476;3;7;false
476;4;5;true
476;5;1;false
477;0;4;true
477;1;7;false
477;2;7;true
477;3;4;false
477;4;1;false
477;5;1;true
478;0;7;false
478;1;7;true
478;2;7;false
478;3;2;false
478;4;1;false
478;5;1;false
479;0;3;false
479;1;1;true
479;2;7;false
479;3;7;false
479;4;5;false
479;5;1;false
480;0;7;true
480;1;7;true
480;2;7;false
480;3;2;true
480;4;1;false
480;5;1;false
481;0;7;false
481;1;7;false
481;2;7;false
481;3;1;false
481;4;1;false
481;5;1;false
482;0;7;true
482;1;7;false
482;2;7;true
482;3;2;false
482;4;1;true
482;5;1;true
483;0;3;true
483;1;1;true
483;2;7;true
483;3;7;false
483;4;5;true
483;5;1;true
484;0;7;false
484;1;7;false
484;2;1;true
484;3;1;true
484;4;7;true
484;5;3;false
485;0;3;true
485;1;1;true
485;2;7;false
485;3;7;true
485;4;5;false
485;5;1;false
486;0;7;true
486;1;7;false
486;2;7;false
486;3;1;true
486;4;1;true
486;5;1;true
487;0;7;false
487;1;7;false
487;2;7;true
487;3;1;false
487;4;1;true
487;5;1;false
488;0;7;false
488;1;7;false
488;2;7;false
488;3;1;false
488;4;1;false
488;5;1;true
489;0;3;true
489;1;7;false
489;2;7;false
489;3;6;false
489;4;1;false
489;5;1;false
490;0;7;false
490;1;7;false
490;2;7;true
490;3;1;false
490;4;1;false
490;5;1;false
491;0;7;false
491;1;7;false
491;2;7;false
491;3;1;false
491;4;1;false
491;5;1;true
492;0;7;true
492;1;2;true
492;2;1;true
492;3;1;true
492;4;7;true
492;5;6;true
493;0;4;true
493;1;1;true
493;2;2;true
493;3;7;false
493;4;7;false
493;5;3;false
494;0;3;false
494;1;7;true
494;2;7;true
494;3;5;true
494;4;1;true
494;5;1;true
495;0;3;true
495;1;7;false
495;2;4;false
495;3;7;false
495;4;2;true
495;5;1;false
496;0;4;true
496;1;1;true
496;2;2;true
496;3;1;true
496;4;1;true
496;5;7;false
497;0;7;true
497;1;7;true
497;2;7;false
497;3;1;true
497;4;1;false
497;5;1;false
498;0;6;false
498;1;7;true
498;2;5;true
498;3;4;false
498;4;1;false
498;5;1;true
499;0;7;false
499;1;7;true
499;2;7;false
499;3;1;false
499;4;1;true
499;5;1;false
